Order ID,Customer,Product,Category,Price,Quantity,City
1001,C001,Laptop,Electronics,50000,1,Mumbai
1002,C002,Phone,Electronics,20000,2,Delhi
1003,C001,Mouse,Accessories,500,3,Mumbai
1004,C003,Laptop,Electronics,50000,1,Pune
1005,C002,Keyboard,Accessories,1500,1,Delhi
1006,C092,Printer,Electronics,12000,1,Nagpur
1007,C094,Webcam,Electronics,3500,1,Nashik
1008,C046,Webcam,Electronics,3500,4,Ahmedabad
1009,C011,Printer,Electronics,12000,1,Kolkata
1010,C068,Mouse,Accessories,500,2,Chennai
1011,C043,Headphones,Accessories,2500,1,Chennai
1012,C054,Smartwatch,Electronics,8000,1,Ahmedabad
1013,C023,Laptop,Electronics,50000,4,Nagpur
1014,C063,Laptop,Electronics,50000,5,Nashik
1015,C020,Tablet,Electronics,30000,3,Mumbai
1016,C046,Headphones,Accessories,2500,2,Chennai
1017,C062,Printer,Electronics,12000,4,Hyderabad
1018,C010,Phone,Electronics,20000,1,Bangalore
1019,C027,Keyboard,Accessories,1500,1,Chennai
1020,C012,Laptop,Electronics,50000,3,Hyderabad
1021,C067,Smartwatch,Electronics,8000,2,Nagpur
1022,C002,Printer,Electronics,12000,5,Chennai
1023,C027,Smartwatch,Electronics,8000,1,Hyderabad
1024,C067,Phone,Electronics,20000,2,Bangalore
1025,C003,Smartwatch,Electronics,8000,1,Nagpur
1026,C062,Smartwatch,Electronics,8000,1,Mumbai
1027,C034,Webcam,Electronics,3500,5,Mumbai
1028,C077,Printer,Electronics,12000,2,Pune
1029,C027,Webcam,Electronics,3500,4,Kolkata
1030,C065,Printer,Electronics,12000,5,Nagpur
1031,C079,Printer,Electronics,12000,1,Bangalore
1032,C091,Mouse,Accessories,500,3,Nashik
1033,C047,Laptop,Electronics,50000,1,Nagpur
1034,C056,Mouse,Accessories,500,5,Chennai
1035,C073,Phone,Electronics,20000,3,Nagpur
1036,C008,Printer,Electronics,12000,2,Bangalore
1037,C009,Mouse,Accessories,500,1,Pune
1038,C048,Keyboard,Accessories,1500,3,Nagpur
1039,C034,Tablet,Electronics,30000,4,Ahmedabad
1040,C048,Keyboard,Accessories,1500,2,Delhi
1041,C014,Printer,Electronics,12000,2,Hyderabad
1042,C071,Monitor,Electronics,15000,2,Kolkata
1043,C025,Phone,Electronics,20000,2,Pune
1044,C024,Webcam,Electronics,3500,5,Pune
1045,C023,Monitor,Electronics,15000,4,Nashik
1046,C089,Mouse,Accessories,500,3,Nashik
1047,C009,Tablet,Electronics,30000,3,Bangalore
1048,C021,Headphones,Accessories,2500,1,Pune
1049,C078,Webcam,Electronics,3500,3,Ahmedabad
1050,C056,Headphones,Accessories,2500,2,Kolkata
1051,C090,Laptop,Electronics,50000,2,Nagpur
1052,C047,Headphones,Accessories,2500,3,Kolkata
1053,C097,Printer,Electronics,12000,1,Hyderabad
1054,C049,Printer,Electronics,12000,2,Pune
1055,C041,Headphones,Accessories,2500,5,Kolkata
1056,C038,Printer,Electronics,12000,3,Hyderabad
1057,C089,Headphones,Accessories,2500,3,Pune
1058,C063,Tablet,Electronics,30000,4,Kolkata
1059,C003,Mouse,Accessories,500,2,Pune
1060,C085,Tablet,Electronics,30000,5,Delhi
1061,C069,Headphones,Accessories,2500,3,Chennai
1062,C058,Smartwatch,Electronics,8000,5,Chennai
1063,C024,Smartwatch,Electronics,8000,3,Nashik
1064,C077,Headphones,Accessories,2500,1,Bangalore
1065,C031,Printer,Electronics,12000,5,Mumbai
1066,C082,Tablet,Electronics,30000,1,Ahmedabad
1067,C083,Mouse,Accessories,500,5,Mumbai
1068,C012,Tablet,Electronics,30000,2,Pune
1069,C089,Headphones,Accessories,2500,4,Kolkata
1070,C028,Keyboard,Accessories,1500,2,Ahmedabad
1071,C004,Laptop,Electronics,50000,4,Nagpur
1072,C087,Phone,Electronics,20000,1,Delhi
1073,C075,Webcam,Electronics,3500,3,Kolkata
1074,C013,Mouse,Accessories,500,3,Kolkata
1075,C039,Headphones,Accessories,2500,2,Pune
1076,C039,Webcam,Electronics,3500,3,Chennai
1077,C045,Monitor,Electronics,15000,1,Pune
1078,C088,Printer,Electronics,12000,3,Mumbai
1079,C066,Keyboard,Accessories,1500,5,Kolkata
1080,C085,Webcam,Electronics,3500,3,Kolkata
1081,C041,Monitor,Electronics,15000,3,Hyderabad
1082,C015,Laptop,Electronics,50000,5,Pune
1083,C047,Monitor,Electronics,15000,1,Delhi
1084,C051,Headphones,Accessories,2500,1,Bangalore
1085,C087,Mouse,Accessories,500,1,Pune
1086,C083,Keyboard,Accessories,1500,3,Chennai
1087,C048,Phone,Electronics,20000,1,Bangalore
1088,C081,Keyboard,Accessories,1500,2,Nashik
1089,C077,Laptop,Electronics,50000,2,Chennai
1090,C089,Mouse,Accessories,500,4,Pune
1091,C089,Tablet,Electronics,30000,3,Chennai
1092,C099,Tablet,Electronics,30000,4,Hyderabad
1093,C078,Printer,Electronics,12000,5,Ahmedabad
1094,C053,Phone,Electronics,20000,1,Mumbai
1095,C055,Tablet,Electronics,30000,2,Mumbai
1096,C021,Webcam,Electronics,3500,2,Nashik
1097,C011,Webcam,Electronics,3500,1,Chennai
1098,C082,Tablet,Electronics,30000,5,Hyderabad
1099,C021,Webcam,Electronics,3500,3,Chennai
1100,C087,Monitor,Electronics,15000,3,Nagpur
1101,C055,Laptop,Electronics,50000,5,Nashik
1102,C027,Smartwatch,Electronics,8000,5,Mumbai
1103,C078,Headphones,Accessories,2500,3,Delhi
1104,C071,Monitor,Electronics,15000,3,Mumbai
1105,C050,Headphones,Accessories,2500,1,Bangalore
1106,C069,Smartwatch,Electronics,8000,1,Nashik
1107,C086,Laptop,Electronics,50000,2,Kolkata
1108,C096,Monitor,Electronics,15000,3,Delhi
1109,C057,Phone,Electronics,20000,1,Pune
1110,C093,Mouse,Accessories,500,5,Delhi
1111,C057,Printer,Electronics,12000,2,Pune
1112,C060,Mouse,Accessories,500,1,Hyderabad
1113,C083,Headphones,Accessories,2500,5,Nagpur
1114,C010,Phone,Electronics,20000,4,Nagpur
1115,C043,Webcam,Electronics,3500,4,Mumbai
1116,C036,Phone,Electronics,20000,4,Kolkata
1117,C091,Printer,Electronics,12000,2,Chennai
1118,C073,Phone,Electronics,20000,5,Delhi
1119,C055,Keyboard,Accessories,1500,4,Ahmedabad
1120,C067,Mouse,Accessories,500,1,Chennai
1121,C057,Laptop,Electronics,50000,4,Delhi
1122,C006,Mouse,Accessories,500,2,Nagpur
1123,C098,Phone,Electronics,20000,5,Nagpur
1124,C040,Keyboard,Accessories,1500,3,Pune
1125,C073,Keyboard,Accessories,1500,1,Nashik
1126,C070,Webcam,Electronics,3500,4,Nashik
1127,C002,Keyboard,Accessories,1500,1,Pune
1128,C029,Headphones,Accessories,2500,3,Hyderabad
1129,C009,Mouse,Accessories,500,1,Pune
1130,C089,Phone,Electronics,20000,5,Kolkata
1131,C065,Phone,Electronics,20000,5,Bangalore
1132,C036,Keyboard,Accessories,1500,3,Pune
1133,C092,Webcam,Electronics,3500,2,Kolkata
1134,C058,Webcam,Electronics,3500,2,Bangalore
1135,C022,Monitor,Electronics,15000,2,Mumbai
1136,C050,Keyboard,Accessories,1500,4,Bangalore
1137,C077,Smartwatch,Electronics,8000,3,Kolkata
1138,C004,Mouse,Accessories,500,1,Chennai
1139,C031,Monitor,Electronics,15000,2,Pune
1140,C021,Webcam,Electronics,3500,5,Nashik
1141,C020,Keyboard,Accessories,1500,2,Delhi
1142,C071,Webcam,Electronics,3500,1,Delhi
1143,C001,Tablet,Electronics,30000,5,Hyderabad
1144,C036,Webcam,Electronics,3500,5,Delhi
1145,C064,Smartwatch,Electronics,8000,1,Ahmedabad
1146,C003,Keyboard,Accessories,1500,1,Nashik
1147,C078,Monitor,Electronics,15000,4,Kolkata
1148,C100,Smartwatch,Electronics,8000,4,Pune
1149,C009,Tablet,Electronics,30000,3,Hyderabad
1150,C059,Laptop,Electronics,50000,2,Hyderabad
1151,C050,Keyboard,Accessories,1500,2,Nashik
1152,C045,Tablet,Electronics,30000,2,Chennai
1153,C012,Printer,Electronics,12000,1,Nashik
1154,C072,Tablet,Electronics,30000,5,Kolkata
1155,C064,Phone,Electronics,20000,2,Pune
1156,C050,Tablet,Electronics,30000,5,Delhi
1157,C055,Printer,Electronics,12000,4,Kolkata
1158,C015,Phone,Electronics,20000,4,Delhi
1159,C059,Monitor,Electronics,15000,1,Nagpur
1160,C035,Smartwatch,Electronics,8000,5,Delhi
1161,C054,Mouse,Accessories,500,2,Mumbai
1162,C086,Keyboard,Accessories,1500,1,Hyderabad
1163,C097,Headphones,Accessories,2500,4,Bangalore
1164,C070,Headphones,Accessories,2500,1,Chennai
1165,C056,Phone,Electronics,20000,4,Kolkata
1166,C069,Mouse,Accessories,500,5,Nashik
1167,C008,Mouse,Accessories,500,3,Bangalore
1168,C023,Phone,Electronics,20000,5,Mumbai
1169,C098,Webcam,Electronics,3500,5,Ahmedabad
1170,C018,Phone,Electronics,20000,3,Bangalore
1171,C065,Smartwatch,Electronics,8000,4,Hyderabad
1172,C029,Tablet,Electronics,30000,4,Nagpur
1173,C063,Tablet,Electronics,30000,3,Mumbai
1174,C057,Phone,Electronics,20000,2,Delhi
1175,C043,Headphones,Accessories,2500,4,Mumbai
1176,C003,Smartwatch,Electronics,8000,5,Nagpur
1177,C037,Printer,Electronics,12000,5,Hyderabad
1178,C037,Tablet,Electronics,30000,5,Hyderabad
1179,C012,Tablet,Electronics,30000,4,Hyderabad
1180,C004,Tablet,Electronics,30000,5,Nagpur
1181,C019,Tablet,Electronics,30000,5,Nagpur
1182,C021,Printer,Electronics,12000,5,Chennai
1183,C038,Monitor,Electronics,15000,1,Kolkata
1184,C035,Keyboard,Accessories,1500,1,Pune
1185,C081,Smartwatch,Electronics,8000,5,Ahmedabad
1186,C086,Phone,Electronics,20000,4,Chennai
1187,C099,Smartwatch,Electronics,8000,3,Bangalore
1188,C075,Monitor,Electronics,15000,2,Mumbai
1189,C005,Headphones,Accessories,2500,3,Pune
1190,C025,Smartwatch,Electronics,8000,2,Ahmedabad
1191,C089,Keyboard,Accessories,1500,1,Mumbai
1192,C029,Keyboard,Accessories,1500,3,Chennai
1193,C002,Printer,Electronics,12000,5,Pune
1194,C013,Laptop,Electronics,50000,3,Ahmedabad
1195,C042,Laptop,Electronics,50000,3,Ahmedabad
1196,C097,Mouse,Accessories,500,2,Pune
1197,C075,Mouse,Accessories,500,2,Chennai
1198,C001,Phone,Electronics,20000,5,Nashik
1199,C011,Monitor,Electronics,15000,1,Ahmedabad
1200,C009,Webcam,Electronics,3500,2,Bangalore
1201,C022,Smartwatch,Electronics,8000,1,Nagpur
1202,C009,Mouse,Accessories,500,3,Chennai
1203,C037,Webcam,Electronics,3500,3,Kolkata
1204,C034,Mouse,Accessories,500,4,Ahmedabad
1205,C035,Monitor,Electronics,15000,5,Pune
1206,C005,Tablet,Electronics,30000,5,Nashik
1207,C067,Headphones,Accessories,2500,4,Delhi
1208,C035,Mouse,Accessories,500,2,Pune
1209,C014,Webcam,Electronics,3500,5,Bangalore
1210,C013,Printer,Electronics,12000,1,Bangalore
1211,C063,Phone,Electronics,20000,4,Bangalore
1212,C010,Tablet,Electronics,30000,5,Delhi
1213,C020,Webcam,Electronics,3500,2,Mumbai
1214,C082,Headphones,Accessories,2500,2,Bangalore
1215,C011,Keyboard,Accessories,1500,1,Ahmedabad
1216,C024,Laptop,Electronics,50000,2,Delhi
1217,C075,Headphones,Accessories,2500,2,Bangalore
1218,C006,Phone,Electronics,20000,5,Bangalore
1219,C095,Keyboard,Accessories,1500,3,Chennai
1220,C067,Headphones,Accessories,2500,2,Kolkata
1221,C038,Mouse,Accessories,500,4,Nagpur
1222,C010,Webcam,Electronics,3500,4,Kolkata
1223,C026,Printer,Electronics,12000,1,Pune
1224,C084,Mouse,Accessories,500,1,Mumbai
1225,C010,Laptop,Electronics,50000,5,Kolkata
1226,C064,Printer,Electronics,12000,2,Chennai
1227,C003,Laptop,Electronics,50000,5,Nashik
1228,C086,Laptop,Electronics,50000,3,Kolkata
1229,C062,Headphones,Accessories,2500,4,Kolkata
1230,C060,Monitor,Electronics,15000,2,Mumbai
1231,C040,Keyboard,Accessories,1500,2,Bangalore
1232,C077,Keyboard,Accessories,1500,1,Hyderabad
1233,C017,Keyboard,Accessories,1500,4,Hyderabad
1234,C019,Mouse,Accessories,500,4,Nashik
1235,C015,Mouse,Accessories,500,4,Hyderabad
1236,C033,Printer,Electronics,12000,5,Delhi
1237,C050,Mouse,Accessories,500,4,Chennai
1238,C013,Monitor,Electronics,15000,1,Chennai
1239,C008,Mouse,Accessories,500,1,Nagpur
1240,C076,Tablet,Electronics,30000,5,Pune
1241,C040,Laptop,Electronics,50000,4,Hyderabad
1242,C023,Smartwatch,Electronics,8000,5,Hyderabad
1243,C006,Printer,Electronics,12000,5,Kolkata
1244,C046,Headphones,Accessories,2500,3,Bangalore
1245,C026,Phone,Electronics,20000,5,Chennai
1246,C067,Tablet,Electronics,30000,2,Nashik
1247,C035,Mouse,Accessories,500,5,Chennai
1248,C073,Headphones,Accessories,2500,5,Ahmedabad
1249,C007,Monitor,Electronics,15000,5,Chennai
1250,C027,Headphones,Accessories,2500,4,Kolkata
1251,C033,Mouse,Accessories,500,4,Nagpur
1252,C011,Tablet,Electronics,30000,3,Mumbai
1253,C066,Keyboard,Accessories,1500,5,Hyderabad
1254,C029,Mouse,Accessories,500,4,Pune
1255,C011,Headphones,Accessories,2500,1,Ahmedabad
1256,C026,Printer,Electronics,12000,2,Bangalore
1257,C061,Smartwatch,Electronics,8000,3,Nagpur
1258,C098,Monitor,Electronics,15000,3,Bangalore
1259,C008,Phone,Electronics,20000,2,Pune
1260,C045,Keyboard,Accessories,1500,3,Pune
1261,C070,Monitor,Electronics,15000,2,Nagpur
1262,C031,Smartwatch,Electronics,8000,3,Pune
1263,C025,Smartwatch,Electronics,8000,1,Kolkata
1264,C066,Tablet,Electronics,30000,5,Bangalore
1265,C063,Monitor,Electronics,15000,1,Nashik
1266,C018,Webcam,Electronics,3500,4,Chennai
1267,C058,Tablet,Electronics,30000,2,Bangalore
1268,C044,Laptop,Electronics,50000,5,Mumbai
1269,C008,Phone,Electronics,20000,3,Pune
1270,C006,Printer,Electronics,12000,1,Pune
1271,C022,Webcam,Electronics,3500,1,Mumbai
1272,C022,Keyboard,Accessories,1500,2,Delhi
1273,C029,Keyboard,Accessories,1500,5,Nashik
1274,C068,Tablet,Electronics,30000,1,Ahmedabad
1275,C047,Headphones,Accessories,2500,3,Pune
1276,C018,Mouse,Accessories,500,4,Kolkata
1277,C040,Webcam,Electronics,3500,1,Pune
1278,C086,Webcam,Electronics,3500,5,Mumbai
1279,C067,Keyboard,Accessories,1500,2,Bangalore
1280,C097,Smartwatch,Electronics,8000,3,Bangalore
1281,C069,Smartwatch,Electronics,8000,3,Hyderabad
1282,C097,Webcam,Electronics,3500,2,Kolkata
1283,C039,Keyboard,Accessories,1500,3,Bangalore
1284,C068,Mouse,Accessories,500,5,Pune
1285,C066,Printer,Electronics,12000,1,Nagpur
1286,C052,Headphones,Accessories,2500,1,Nashik
1287,C042,Printer,Electronics,12000,5,Delhi
1288,C019,Keyboard,Accessories,1500,2,Pune
1289,C097,Webcam,Electronics,3500,5,Nashik
1290,C012,Phone,Electronics,20000,1,Nashik
1291,C087,Tablet,Electronics,30000,1,Nagpur
1292,C030,Headphones,Accessories,2500,2,Kolkata
1293,C031,Keyboard,Accessories,1500,3,Ahmedabad
1294,C079,Laptop,Electronics,50000,1,Mumbai
1295,C019,Laptop,Electronics,50000,3,Delhi
1296,C014,Headphones,Accessories,2500,1,Mumbai
1297,C098,Printer,Electronics,12000,5,Ahmedabad
1298,C057,Mouse,Accessories,500,1,Nagpur
1299,C097,Laptop,Electronics,50000,1,Bangalore
1300,C012,Laptop,Electronics,50000,3,Kolkata
1301,C054,Webcam,Electronics,3500,1,Delhi
1302,C096,Monitor,Electronics,15000,1,Pune
1303,C027,Phone,Electronics,20000,4,Nashik
1304,C088,Headphones,Accessories,2500,3,Mumbai
1305,C020,Mouse,Accessories,500,3,Nashik
1306,C037,Monitor,Electronics,15000,1,Chennai
1307,C059,Monitor,Electronics,15000,5,Mumbai
1308,C068,Phone,Electronics,20000,2,Nagpur
1309,C051,Mouse,Accessories,500,2,Chennai
1310,C043,Mouse,Accessories,500,4,Chennai
1311,C002,Smartwatch,Electronics,8000,3,Ahmedabad
1312,C011,Monitor,Electronics,15000,5,Delhi
1313,C001,Keyboard,Accessories,1500,2,Bangalore
1314,C001,Headphones,Accessories,2500,5,Hyderabad
1315,C099,Monitor,Electronics,15000,1,Chennai
1316,C004,Phone,Electronics,20000,1,Hyderabad
1317,C025,Smartwatch,Electronics,8000,5,Chennai
1318,C040,Printer,Electronics,12000,2,Chennai
1319,C023,Keyboard,Accessories,1500,5,Kolkata
1320,C037,Printer,Electronics,12000,5,Delhi
1321,C096,Mouse,Accessories,500,4,Kolkata
1322,C018,Webcam,Electronics,3500,4,Nashik
1323,C031,Webcam,Electronics,3500,3,Mumbai
1324,C006,Phone,Electronics,20000,3,Hyderabad
1325,C058,Phone,Electronics,20000,4,Delhi
1326,C089,Phone,Electronics,20000,4,Mumbai
1327,C013,Headphones,Accessories,2500,3,Bangalore
1328,C047,Printer,Electronics,12000,3,Chennai
1329,C003,Monitor,Electronics,15000,4,Chennai
1330,C078,Webcam,Electronics,3500,1,Chennai
1331,C016,Headphones,Accessories,2500,2,Nashik
1332,C038,Phone,Electronics,20000,5,Ahmedabad
1333,C039,Phone,Electronics,20000,5,Hyderabad
1334,C017,Printer,Electronics,12000,3,Chennai
1335,C026,Printer,Electronics,12000,5,Nashik
1336,C031,Phone,Electronics,20000,5,Kolkata
1337,C093,Laptop,Electronics,50000,2,Chennai
1338,C073,Monitor,Electronics,15000,2,Mumbai
1339,C013,Mouse,Accessories,500,4,Mumbai
1340,C091,Printer,Electronics,12000,1,Kolkata
1341,C072,Laptop,Electronics,50000,3,Nashik
1342,C087,Laptop,Electronics,50000,1,Nagpur
1343,C097,Tablet,Electronics,30000,3,Kolkata
1344,C014,Laptop,Electronics,50000,1,Bangalore
1345,C037,Webcam,Electronics,3500,1,Mumbai
1346,C016,Phone,Electronics,20000,3,Delhi
1347,C036,Smartwatch,Electronics,8000,5,Ahmedabad
1348,C075,Tablet,Electronics,30000,3,Hyderabad
1349,C006,Tablet,Electronics,30000,1,Pune
1350,C066,Keyboard,Accessories,1500,3,Kolkata
1351,C062,Mouse,Accessories,500,3,Nashik
1352,C092,Tablet,Electronics,30000,2,Delhi
1353,C077,Tablet,Electronics,30000,4,Ahmedabad
1354,C007,Phone,Electronics,20000,5,Pune
1355,C002,Monitor,Electronics,15000,5,Bangalore
1356,C028,Webcam,Electronics,3500,5,Pune
1357,C002,Webcam,Electronics,3500,5,Delhi
1358,C034,Laptop,Electronics,50000,1,Hyderabad
1359,C099,Printer,Electronics,12000,3,Delhi
1360,C057,Phone,Electronics,20000,3,Nashik
1361,C050,Monitor,Electronics,15000,3,Hyderabad
1362,C027,Printer,Electronics,12000,3,Chennai
1363,C079,Mouse,Accessories,500,2,Nashik
1364,C034,Monitor,Electronics,15000,2,Ahmedabad
1365,C099,Mouse,Accessories,500,5,Nagpur
1366,C028,Printer,Electronics,12000,2,Kolkata
1367,C077,Smartwatch,Electronics,8000,5,Kolkata
1368,C014,Mouse,Accessories,500,1,Hyderabad
1369,C060,Webcam,Electronics,3500,2,Delhi
1370,C008,Smartwatch,Electronics,8000,2,Chennai
1371,C069,Phone,Electronics,20000,5,Nashik
1372,C086,Webcam,Electronics,3500,5,Hyderabad
1373,C055,Headphones,Accessories,2500,1,Hyderabad
1374,C035,Mouse,Accessories,500,4,Nagpur
1375,C073,Headphones,Accessories,2500,4,Nagpur
1376,C068,Printer,Electronics,12000,2,Ahmedabad
1377,C003,Keyboard,Accessories,1500,1,Nagpur
1378,C032,Laptop,Electronics,50000,1,Mumbai
1379,C092,Smartwatch,Electronics,8000,2,Pune
1380,C008,Printer,Electronics,12000,1,Nagpur
1381,C071,Webcam,Electronics,3500,2,Ahmedabad
1382,C042,Mouse,Accessories,500,5,Ahmedabad
1383,C071,Mouse,Accessories,500,2,Ahmedabad
1384,C072,Smartwatch,Electronics,8000,2,Nagpur
1385,C061,Smartwatch,Electronics,8000,3,Nashik
1386,C057,Headphones,Accessories,2500,3,Nashik
1387,C026,Monitor,Electronics,15000,4,Pune
1388,C080,Keyboard,Accessories,1500,2,Delhi
1389,C055,Phone,Electronics,20000,2,Hyderabad
1390,C069,Webcam,Electronics,3500,1,Mumbai
1391,C078,Keyboard,Accessories,1500,2,Pune
1392,C006,Phone,Electronics,20000,4,Kolkata
1393,C079,Webcam,Electronics,3500,2,Delhi
1394,C023,Webcam,Electronics,3500,1,Mumbai
1395,C048,Monitor,Electronics,15000,3,Mumbai
1396,C050,Tablet,Electronics,30000,4,Kolkata
1397,C070,Phone,Electronics,20000,3,Hyderabad
1398,C060,Mouse,Accessories,500,4,Mumbai
1399,C018,Tablet,Electronics,30000,3,Hyderabad
1400,C089,Laptop,Electronics,50000,5,Mumbai
1401,C017,Headphones,Accessories,2500,5,Hyderabad
1402,C090,Phone,Electronics,20000,1,Kolkata
1403,C084,Keyboard,Accessories,1500,2,Nagpur
1404,C099,Headphones,Accessories,2500,5,Nagpur
1405,C063,Smartwatch,Electronics,8000,1,Pune
1406,C019,Headphones,Accessories,2500,2,Nagpur
1407,C057,Keyboard,Accessories,1500,3,Delhi
1408,C050,Monitor,Electronics,15000,3,Mumbai
1409,C038,Webcam,Electronics,3500,3,Pune
1410,C039,Keyboard,Accessories,1500,4,Hyderabad
1411,C067,Monitor,Electronics,15000,5,Ahmedabad
1412,C005,Headphones,Accessories,2500,5,Delhi
1413,C018,Printer,Electronics,12000,3,Ahmedabad
1414,C063,Mouse,Accessories,500,4,Hyderabad
1415,C027,Phone,Electronics,20000,5,Pune
1416,C080,Headphones,Accessories,2500,3,Kolkata
1417,C008,Laptop,Electronics,50000,1,Delhi
1418,C008,Headphones,Accessories,2500,5,Hyderabad
1419,C046,Phone,Electronics,20000,2,Ahmedabad
1420,C004,Tablet,Electronics,30000,2,Bangalore
1421,C025,Smartwatch,Electronics,8000,5,Hyderabad
1422,C094,Printer,Electronics,12000,3,Mumbai
1423,C024,Tablet,Electronics,30000,1,Nagpur
1424,C033,Webcam,Electronics,3500,5,Hyderabad
1425,C043,Headphones,Accessories,2500,1,Nagpur
1426,C050,Keyboard,Accessories,1500,5,Chennai
1427,C028,Tablet,Electronics,30000,4,Ahmedabad
1428,C026,Keyboard,Accessories,1500,3,Hyderabad
1429,C051,Smartwatch,Electronics,8000,2,Chennai
1430,C069,Phone,Electronics,20000,1,Nashik
1431,C020,Smartwatch,Electronics,8000,5,Ahmedabad
1432,C016,Mouse,Accessories,500,2,Nagpur
1433,C055,Monitor,Electronics,15000,3,Mumbai
1434,C077,Headphones,Accessories,2500,2,Pune
1435,C063,Smartwatch,Electronics,8000,3,Hyderabad
1436,C066,Keyboard,Accessories,1500,3,Hyderabad
1437,C024,Laptop,Electronics,50000,5,Hyderabad
1438,C026,Tablet,Electronics,30000,2,Pune
1439,C059,Monitor,Electronics,15000,1,Ahmedabad
1440,C074,Monitor,Electronics,15000,1,Nagpur
1441,C035,Laptop,Electronics,50000,4,Ahmedabad
1442,C057,Phone,Electronics,20000,1,Mumbai
1443,C018,Webcam,Electronics,3500,3,Pune
1444,C003,Keyboard,Accessories,1500,4,Kolkata
1445,C054,Keyboard,Accessories,1500,2,Bangalore
1446,C075,Headphones,Accessories,2500,5,Chennai
1447,C066,Tablet,Electronics,30000,3,Kolkata
1448,C058,Mouse,Accessories,500,2,Bangalore
1449,C064,Laptop,Electronics,50000,5,Bangalore
1450,C097,Keyboard,Accessories,1500,2,Pune
1451,C061,Laptop,Electronics,50000,2,Mumbai
1452,C031,Monitor,Electronics,15000,5,Bangalore
1453,C079,Mouse,Accessories,500,4,Hyderabad
1454,C073,Monitor,Electronics,15000,3,Delhi
1455,C022,Headphones,Accessories,2500,4,Pune
1456,C030,Keyboard,Accessories,1500,1,Nashik
1457,C088,Smartwatch,Electronics,8000,5,Mumbai
1458,C032,Headphones,Accessories,2500,5,Pune
1459,C059,Tablet,Electronics,30000,3,Mumbai
1460,C009,Monitor,Electronics,15000,4,Kolkata
1461,C028,Smartwatch,Electronics,8000,5,Ahmedabad
1462,C082,Tablet,Electronics,30000,2,Nagpur
1463,C078,Laptop,Electronics,50000,3,Bangalore
1464,C011,Smartwatch,Electronics,8000,5,Ahmedabad
1465,C098,Keyboard,Accessories,1500,2,Mumbai
1466,C068,Webcam,Electronics,3500,1,Nashik
1467,C059,Headphones,Accessories,2500,1,Delhi
1468,C010,Printer,Electronics,12000,4,Delhi
1469,C046,Headphones,Accessories,2500,4,Nagpur
1470,C042,Smartwatch,Electronics,8000,1,Kolkata
1471,C036,Keyboard,Accessories,1500,3,Kolkata
1472,C090,Monitor,Electronics,15000,5,Kolkata
1473,C047,Laptop,Electronics,50000,1,Delhi
1474,C020,Monitor,Electronics,15000,4,Ahmedabad
1475,C083,Webcam,Electronics,3500,2,Ahmedabad
1476,C064,Printer,Electronics,12000,3,Kolkata
1477,C008,Phone,Electronics,20000,2,Mumbai
1478,C024,Monitor,Electronics,15000,3,Bangalore
1479,C051,Webcam,Electronics,3500,2,Nashik
1480,C094,Headphones,Accessories,2500,5,Nashik
1481,C086,Smartwatch,Electronics,8000,2,Hyderabad
1482,C100,Webcam,Electronics,3500,4,Nashik
1483,C078,Webcam,Electronics,3500,4,Nagpur
1484,C034,Monitor,Electronics,15000,1,Bangalore
1485,C088,Laptop,Electronics,50000,2,Nashik
1486,C069,Headphones,Accessories,2500,3,Bangalore
1487,C055,Headphones,Accessories,2500,1,Nashik
1488,C057,Laptop,Electronics,50000,3,Ahmedabad
1489,C037,Printer,Electronics,12000,3,Mumbai
1490,C047,Monitor,Electronics,15000,3,Ahmedabad
1491,C048,Tablet,Electronics,30000,1,Kolkata
1492,C097,Phone,Electronics,20000,1,Nagpur
1493,C007,Printer,Electronics,12000,4,Bangalore
1494,C074,Tablet,Electronics,30000,4,Kolkata
1495,C087,Printer,Electronics,12000,4,Hyderabad
1496,C025,Smartwatch,Electronics,8000,1,Bangalore
1497,C034,Smartwatch,Electronics,8000,3,Nashik
1498,C091,Laptop,Electronics,50000,2,Nagpur
1499,C001,Tablet,Electronics,30000,2,Delhi
1500,C068,Mouse,Accessories,500,3,Hyderabad
1501,C010,Mouse,Accessories,500,5,Kolkata
1502,C047,Laptop,Electronics,50000,1,Nagpur
1503,C056,Printer,Electronics,12000,5,Mumbai
1504,C007,Keyboard,Accessories,1500,1,Bangalore
1505,C068,Webcam,Electronics,3500,2,Mumbai
1506,C087,Webcam,Electronics,3500,5,Chennai
1507,C066,Monitor,Electronics,15000,5,Chennai
1508,C009,Smartwatch,Electronics,8000,5,Nagpur
1509,C042,Headphones,Accessories,2500,4,Ahmedabad
1510,C059,Monitor,Electronics,15000,4,Pune
1511,C027,Mouse,Accessories,500,2,Bangalore
1512,C012,Keyboard,Accessories,1500,4,Hyderabad
1513,C009,Monitor,Electronics,15000,2,Delhi
1514,C020,Printer,Electronics,12000,4,Nagpur
1515,C007,Monitor,Electronics,15000,3,Mumbai
1516,C030,Smartwatch,Electronics,8000,3,Delhi
1517,C020,Headphones,Accessories,2500,5,Hyderabad
1518,C012,Phone,Electronics,20000,4,Ahmedabad
1519,C065,Phone,Electronics,20000,5,Bangalore
1520,C036,Mouse,Accessories,500,1,Pune
1521,C042,Mouse,Accessories,500,1,Ahmedabad
1522,C098,Laptop,Electronics,50000,3,Delhi
1523,C077,Monitor,Electronics,15000,3,Ahmedabad
1524,C031,Monitor,Electronics,15000,4,Hyderabad
1525,C080,Tablet,Electronics,30000,2,Bangalore
1526,C061,Headphones,Accessories,2500,4,Bangalore
1527,C039,Smartwatch,Electronics,8000,5,Nagpur
1528,C004,Mouse,Accessories,500,2,Mumbai
1529,C031,Webcam,Electronics,3500,4,Hyderabad
1530,C033,Keyboard,Accessories,1500,2,Bangalore
1531,C064,Headphones,Accessories,2500,1,Chennai
1532,C063,Webcam,Electronics,3500,4,Hyderabad
1533,C039,Tablet,Electronics,30000,3,Bangalore
1534,C023,Phone,Electronics,20000,3,Pune
1535,C020,Tablet,Electronics,30000,1,Bangalore
1536,C025,Monitor,Electronics,15000,1,Chennai
1537,C009,Tablet,Electronics,30000,3,Mumbai
1538,C009,Laptop,Electronics,50000,5,Mumbai
1539,C005,Printer,Electronics,12000,3,Delhi
1540,C050,Headphones,Accessories,2500,4,Pune
1541,C071,Keyboard,Accessories,1500,2,Chennai
1542,C061,Keyboard,Accessories,1500,1,Ahmedabad
1543,C081,Mouse,Accessories,500,4,Hyderabad
1544,C038,Webcam,Electronics,3500,4,Pune
1545,C094,Webcam,Electronics,3500,1,Pune
1546,C049,Tablet,Electronics,30000,4,Delhi
1547,C020,Phone,Electronics,20000,1,Bangalore
1548,C025,Tablet,Electronics,30000,5,Nashik
1549,C061,Headphones,Accessories,2500,3,Ahmedabad
1550,C003,Webcam,Electronics,3500,2,Mumbai
1551,C050,Headphones,Accessories,2500,5,Pune
1552,C083,Smartwatch,Electronics,8000,2,Kolkata
1553,C018,Tablet,Electronics,30000,3,Pune
1554,C085,Monitor,Electronics,15000,5,Mumbai
1555,C015,Webcam,Electronics,3500,1,Bangalore
1556,C021,Webcam,Electronics,3500,5,Hyderabad
1557,C082,Mouse,Accessories,500,2,Ahmedabad
1558,C020,Tablet,Electronics,30000,4,Nagpur
1559,C004,Mouse,Accessories,500,4,Delhi
1560,C007,Webcam,Electronics,3500,2,Bangalore
1561,C078,Laptop,Electronics,50000,2,Delhi
1562,C086,Tablet,Electronics,30000,2,Kolkata
1563,C090,Laptop,Electronics,50000,3,Kolkata
1564,C021,Webcam,Electronics,3500,3,Kolkata
1565,C045,Monitor,Electronics,15000,1,Nashik
1566,C059,Monitor,Electronics,15000,2,Delhi
1567,C020,Headphones,Accessories,2500,1,Hyderabad
1568,C091,Smartwatch,Electronics,8000,3,Kolkata
1569,C029,Webcam,Electronics,3500,2,Hyderabad
1570,C075,Tablet,Electronics,30000,2,Bangalore
1571,C086,Headphones,Accessories,2500,5,Kolkata
1572,C022,Phone,Electronics,20000,5,Chennai
1573,C011,Mouse,Accessories,500,3,Nashik
1574,C002,Monitor,Electronics,15000,3,Pune
1575,C037,Tablet,Electronics,30000,3,Delhi
1576,C027,Smartwatch,Electronics,8000,4,Hyderabad
1577,C071,Smartwatch,Electronics,8000,2,Pune
1578,C007,Tablet,Electronics,30000,1,Kolkata
1579,C070,Smartwatch,Electronics,8000,3,Delhi
1580,C038,Tablet,Electronics,30000,3,Hyderabad
1581,C041,Keyboard,Accessories,1500,3,Nashik
1582,C100,Laptop,Electronics,50000,5,Ahmedabad
1583,C004,Tablet,Electronics,30000,4,Bangalore
1584,C052,Printer,Electronics,12000,1,Bangalore
1585,C029,Printer,Electronics,12000,3,Ahmedabad
1586,C097,Mouse,Accessories,500,3,Kolkata
1587,C055,Headphones,Accessories,2500,3,Mumbai
1588,C054,Phone,Electronics,20000,4,Chennai
1589,C075,Mouse,Accessories,500,3,Hyderabad
1590,C091,Phone,Electronics,20000,3,Nagpur
1591,C031,Webcam,Electronics,3500,1,Mumbai
1592,C008,Webcam,Electronics,3500,5,Pune
1593,C084,Headphones,Accessories,2500,3,Kolkata
1594,C063,Headphones,Accessories,2500,5,Delhi
1595,C013,Headphones,Accessories,2500,1,Bangalore
1596,C009,Webcam,Electronics,3500,1,Hyderabad
1597,C015,Smartwatch,Electronics,8000,2,Bangalore
1598,C046,Webcam,Electronics,3500,5,Mumbai
1599,C017,Mouse,Accessories,500,1,Hyderabad
1600,C029,Smartwatch,Electronics,8000,1,Nagpur
1601,C082,Tablet,Electronics,30000,2,Nagpur
1602,C070,Keyboard,Accessories,1500,4,Hyderabad
1603,C080,Tablet,Electronics,30000,4,Nagpur
1604,C052,Webcam,Electronics,3500,3,Mumbai
1605,C076,Tablet,Electronics,30000,4,Chennai
1606,C068,Headphones,Accessories,2500,2,Mumbai
1607,C049,Headphones,Accessories,2500,4,Kolkata
1608,C038,Webcam,Electronics,3500,5,Ahmedabad
1609,C039,Keyboard,Accessories,1500,1,Mumbai
1610,C042,Laptop,Electronics,50000,1,Chennai
1611,C074,Mouse,Accessories,500,2,Nagpur
1612,C001,Phone,Electronics,20000,3,Delhi
1613,C016,Mouse,Accessories,500,3,Nagpur
1614,C033,Laptop,Electronics,50000,1,Nagpur
1615,C082,Phone,Electronics,20000,4,Kolkata
1616,C026,Headphones,Accessories,2500,5,Nashik
1617,C043,Monitor,Electronics,15000,3,Chennai
1618,C040,Monitor,Electronics,15000,3,Chennai
1619,C015,Webcam,Electronics,3500,1,Pune
1620,C084,Headphones,Accessories,2500,3,Nagpur
1621,C021,Tablet,Electronics,30000,3,Hyderabad
1622,C012,Tablet,Electronics,30000,4,Hyderabad
1623,C040,Tablet,Electronics,30000,4,Mumbai
1624,C044,Phone,Electronics,20000,2,Bangalore
1625,C029,Tablet,Electronics,30000,4,Nagpur
1626,C068,Headphones,Accessories,2500,5,Mumbai
1627,C023,Smartwatch,Electronics,8000,1,Hyderabad
1628,C076,Mouse,Accessories,500,3,Hyderabad
1629,C089,Phone,Electronics,20000,4,Ahmedabad
1630,C087,Keyboard,Accessories,1500,2,Ahmedabad
1631,C003,Headphones,Accessories,2500,5,Kolkata
1632,C096,Printer,Electronics,12000,5,Pune
1633,C006,Monitor,Electronics,15000,1,Kolkata
1634,C097,Keyboard,Accessories,1500,1,Pune
1635,C028,Tablet,Electronics,30000,3,Chennai
1636,C041,Keyboard,Accessories,1500,1,Ahmedabad
1637,C095,Tablet,Electronics,30000,3,Nashik
1638,C063,Mouse,Accessories,500,3,Hyderabad
1639,C091,Mouse,Accessories,500,1,Mumbai
1640,C041,Mouse,Accessories,500,2,Nagpur
1641,C042,Mouse,Accessories,500,3,Delhi
1642,C057,Tablet,Electronics,30000,4,Delhi
1643,C080,Tablet,Electronics,30000,3,Pune
1644,C005,Tablet,Electronics,30000,4,Bangalore
1645,C009,Smartwatch,Electronics,8000,4,Nashik
1646,C075,Tablet,Electronics,30000,4,Chennai
1647,C077,Keyboard,Accessories,1500,4,Bangalore
1648,C022,Laptop,Electronics,50000,4,Nashik
1649,C018,Printer,Electronics,12000,1,Chennai
1650,C072,Webcam,Electronics,3500,4,Mumbai
1651,C059,Smartwatch,Electronics,8000,2,Nagpur
1652,C003,Keyboard,Accessories,1500,5,Hyderabad
1653,C022,Mouse,Accessories,500,4,Bangalore
1654,C018,Monitor,Electronics,15000,2,Delhi
1655,C012,Smartwatch,Electronics,8000,5,Nagpur
1656,C052,Monitor,Electronics,15000,5,Hyderabad
1657,C080,Mouse,Accessories,500,3,Pune
1658,C039,Keyboard,Accessories,1500,4,Delhi
1659,C083,Phone,Electronics,20000,1,Nashik
1660,C003,Laptop,Electronics,50000,1,Pune
1661,C100,Mouse,Accessories,500,4,Nashik
1662,C062,Keyboard,Accessories,1500,5,Mumbai
1663,C043,Tablet,Electronics,30000,2,Delhi
1664,C041,Webcam,Electronics,3500,4,Chennai
1665,C044,Laptop,Electronics,50000,1,Ahmedabad
1666,C051,Phone,Electronics,20000,4,Nashik
1667,C090,Smartwatch,Electronics,8000,3,Bangalore
1668,C056,Headphones,Accessories,2500,3,Nashik
1669,C097,Phone,Electronics,20000,1,Pune
1670,C100,Mouse,Accessories,500,1,Chennai
1671,C057,Keyboard,Accessories,1500,4,Mumbai
1672,C086,Monitor,Electronics,15000,3,Delhi
1673,C034,Monitor,Electronics,15000,2,Pune
1674,C088,Tablet,Electronics,30000,4,Delhi
1675,C022,Monitor,Electronics,15000,4,Delhi
1676,C025,Smartwatch,Electronics,8000,1,Ahmedabad
1677,C080,Keyboard,Accessories,1500,2,Ahmedabad
1678,C051,Tablet,Electronics,30000,3,Nashik
1679,C016,Printer,Electronics,12000,4,Nashik
1680,C070,Smartwatch,Electronics,8000,3,Nashik
1681,C084,Monitor,Electronics,15000,2,Nashik
1682,C042,Smartwatch,Electronics,8000,4,Delhi
1683,C097,Keyboard,Accessories,1500,1,Hyderabad
1684,C092,Printer,Electronics,12000,2,Hyderabad
1685,C014,Headphones,Accessories,2500,5,Kolkata
1686,C044,Printer,Electronics,12000,2,Nagpur
1687,C097,Keyboard,Accessories,1500,3,Pune
1688,C080,Webcam,Electronics,3500,5,Ahmedabad
1689,C072,Keyboard,Accessories,1500,1,Ahmedabad
1690,C014,Tablet,Electronics,30000,5,Mumbai
1691,C030,Smartwatch,Electronics,8000,5,Kolkata
1692,C060,Webcam,Electronics,3500,5,Nashik
1693,C003,Headphones,Accessories,2500,3,Ahmedabad
1694,C034,Printer,Electronics,12000,3,Pune
1695,C048,Mouse,Accessories,500,4,Nagpur
1696,C022,Phone,Electronics,20000,5,Kolkata
1697,C091,Monitor,Electronics,15000,2,Hyderabad
1698,C087,Monitor,Electronics,15000,3,Delhi
1699,C013,Webcam,Electronics,3500,4,Kolkata
1700,C004,Phone,Electronics,20000,1,Ahmedabad
1701,C024,Smartwatch,Electronics,8000,1,Nashik
1702,C036,Monitor,Electronics,15000,2,Mumbai
1703,C001,Printer,Electronics,12000,5,Nashik
1704,C008,Smartwatch,Electronics,8000,3,Delhi
1705,C081,Laptop,Electronics,50000,2,Chennai
1706,C070,Webcam,Electronics,3500,3,Pune
1707,C015,Webcam,Electronics,3500,4,Bangalore
1708,C042,Webcam,Electronics,3500,4,Chennai
1709,C097,Webcam,Electronics,3500,2,Kolkata
1710,C003,Smartwatch,Electronics,8000,2,Ahmedabad
1711,C099,Printer,Electronics,12000,3,Mumbai
1712,C044,Mouse,Accessories,500,5,Bangalore
1713,C027,Keyboard,Accessories,1500,2,Ahmedabad
1714,C004,Tablet,Electronics,30000,1,Hyderabad
1715,C056,Monitor,Electronics,15000,1,Nagpur
1716,C035,Printer,Electronics,12000,2,Hyderabad
1717,C013,Webcam,Electronics,3500,3,Ahmedabad
1718,C066,Tablet,Electronics,30000,1,Hyderabad
1719,C091,Phone,Electronics,20000,3,Bangalore
1720,C005,Webcam,Electronics,3500,3,Nagpur
1721,C058,Laptop,Electronics,50000,2,Hyderabad
1722,C020,Headphones,Accessories,2500,3,Mumbai
1723,C018,Phone,Electronics,20000,2,Chennai
1724,C041,Printer,Electronics,12000,4,Pune
1725,C037,Phone,Electronics,20000,3,Mumbai
1726,C031,Printer,Electronics,12000,4,Nashik
1727,C001,Smartwatch,Electronics,8000,1,Delhi
1728,C081,Keyboard,Accessories,1500,5,Kolkata
1729,C032,Smartwatch,Electronics,8000,3,Ahmedabad
1730,C003,Keyboard,Accessories,1500,3,Bangalore
1731,C075,Webcam,Electronics,3500,5,Pune
1732,C013,Tablet,Electronics,30000,4,Nashik
1733,C085,Monitor,Electronics,15000,2,Bangalore
1734,C003,Monitor,Electronics,15000,1,Nashik
1735,C071,Tablet,Electronics,30000,5,Ahmedabad
1736,C089,Printer,Electronics,12000,3,Nagpur
1737,C029,Monitor,Electronics,15000,5,Nashik
1738,C054,Tablet,Electronics,30000,3,Kolkata
1739,C032,Mouse,Accessories,500,4,Bangalore
1740,C009,Tablet,Electronics,30000,5,Delhi
1741,C075,Keyboard,Accessories,1500,5,Pune
1742,C077,Headphones,Accessories,2500,1,Nashik
1743,C075,Phone,Electronics,20000,4,Pune
1744,C024,Monitor,Electronics,15000,5,Chennai
1745,C061,Mouse,Accessories,500,1,Hyderabad
1746,C057,Smartwatch,Electronics,8000,2,Ahmedabad
1747,C020,Tablet,Electronics,30000,3,Hyderabad
1748,C045,Mouse,Accessories,500,4,Nashik
1749,C061,Monitor,Electronics,15000,4,Pune
1750,C010,Webcam,Electronics,3500,3,Nagpur
1751,C083,Phone,Electronics,20000,2,Bangalore
1752,C056,Headphones,Accessories,2500,1,Delhi
1753,C075,Laptop,Electronics,50000,4,Delhi
1754,C086,Laptop,Electronics,50000,4,Kolkata
1755,C011,Smartwatch,Electronics,8000,3,Mumbai
1756,C093,Tablet,Electronics,30000,4,Chennai
1757,C058,Mouse,Accessories,500,4,Pune
1758,C032,Tablet,Electronics,30000,1,Kolkata
1759,C036,Tablet,Electronics,30000,3,Chennai
1760,C012,Smartwatch,Electronics,8000,5,Bangalore
1761,C053,Laptop,Electronics,50000,1,Nashik
1762,C018,Tablet,Electronics,30000,5,Ahmedabad
1763,C080,Headphones,Accessories,2500,2,Nagpur
1764,C070,Webcam,Electronics,3500,5,Mumbai
1765,C075,Mouse,Accessories,500,3,Chennai
1766,C091,Monitor,Electronics,15000,3,Bangalore
1767,C054,Laptop,Electronics,50000,2,Kolkata
1768,C029,Headphones,Accessories,2500,4,Bangalore
1769,C039,Tablet,Electronics,30000,3,Delhi
1770,C073,Keyboard,Accessories,1500,4,Nagpur
1771,C031,Phone,Electronics,20000,4,Nashik
1772,C029,Webcam,Electronics,3500,4,Nagpur
1773,C073,Tablet,Electronics,30000,3,Bangalore
1774,C056,Monitor,Electronics,15000,4,Pune
1775,C048,Mouse,Accessories,500,3,Nagpur
1776,C071,Webcam,Electronics,3500,5,Kolkata
1777,C075,Mouse,Accessories,500,4,Delhi
1778,C044,Laptop,Electronics,50000,2,Nagpur
1779,C037,Keyboard,Accessories,1500,3,Ahmedabad
1780,C086,Headphones,Accessories,2500,5,Delhi
1781,C054,Phone,Electronics,20000,2,Mumbai
1782,C028,Headphones,Accessories,2500,3,Hyderabad
1783,C069,Printer,Electronics,12000,5,Chennai
1784,C092,Mouse,Accessories,500,5,Pune
1785,C098,Monitor,Electronics,15000,5,Hyderabad
1786,C094,Smartwatch,Electronics,8000,3,Chennai
1787,C039,Phone,Electronics,20000,4,Ahmedabad
1788,C042,Webcam,Electronics,3500,2,Delhi
1789,C016,Smartwatch,Electronics,8000,2,Mumbai
1790,C046,Monitor,Electronics,15000,3,Nashik
1791,C029,Webcam,Electronics,3500,5,Bangalore
1792,C065,Tablet,Electronics,30000,3,Pune
1793,C035,Phone,Electronics,20000,3,Bangalore
1794,C011,Monitor,Electronics,15000,1,Delhi
1795,C042,Keyboard,Accessories,1500,4,Nagpur
1796,C096,Smartwatch,Electronics,8000,3,Nagpur
1797,C024,Keyboard,Accessories,1500,1,Pune
1798,C075,Monitor,Electronics,15000,5,Nashik
1799,C026,Laptop,Electronics,50000,5,Mumbai
1800,C057,Tablet,Electronics,30000,2,Ahmedabad
1801,C066,Webcam,Electronics,3500,3,Ahmedabad
1802,C071,Phone,Electronics,20000,4,Nashik
1803,C041,Printer,Electronics,12000,2,Kolkata
1804,C004,Keyboard,Accessories,1500,3,Nagpur
1805,C077,Laptop,Electronics,50000,2,Pune
1806,C094,Smartwatch,Electronics,8000,1,Hyderabad
1807,C025,Keyboard,Accessories,1500,5,Pune
1808,C029,Laptop,Electronics,50000,1,Ahmedabad
1809,C011,Printer,Electronics,12000,3,Mumbai
1810,C035,Webcam,Electronics,3500,5,Mumbai
1811,C064,Mouse,Accessories,500,5,Nagpur
1812,C060,Headphones,Accessories,2500,1,Delhi
1813,C007,Smartwatch,Electronics,8000,5,Chennai
1814,C090,Tablet,Electronics,30000,3,Mumbai
1815,C047,Tablet,Electronics,30000,4,Ahmedabad
1816,C075,Mouse,Accessories,500,4,Hyderabad
1817,C042,Webcam,Electronics,3500,1,Ahmedabad
1818,C006,Smartwatch,Electronics,8000,2,Pune
1819,C077,Monitor,Electronics,15000,2,Bangalore
1820,C059,Phone,Electronics,20000,4,Delhi
1821,C073,Webcam,Electronics,3500,4,Nagpur
1822,C040,Webcam,Electronics,3500,4,Mumbai
1823,C077,Mouse,Accessories,500,1,Kolkata
1824,C070,Tablet,Electronics,30000,5,Kolkata
1825,C040,Phone,Electronics,20000,4,Hyderabad
1826,C041,Phone,Electronics,20000,4,Nagpur
1827,C014,Webcam,Electronics,3500,1,Nagpur
1828,C069,Phone,Electronics,20000,5,Chennai
1829,C039,Tablet,Electronics,30000,3,Nagpur
1830,C087,Printer,Electronics,12000,3,Hyderabad
1831,C027,Keyboard,Accessories,1500,1,Kolkata
1832,C049,Keyboard,Accessories,1500,4,Delhi
1833,C043,Printer,Electronics,12000,3,Nashik
1834,C038,Webcam,Electronics,3500,1,Kolkata
1835,C020,Laptop,Electronics,50000,4,Kolkata
1836,C055,Mouse,Accessories,500,3,Mumbai
1837,C072,Webcam,Electronics,3500,1,Kolkata
1838,C028,Monitor,Electronics,15000,1,Delhi
1839,C041,Tablet,Electronics,30000,1,Delhi
1840,C032,Smartwatch,Electronics,8000,4,Hyderabad
1841,C082,Laptop,Electronics,50000,4,Bangalore
1842,C060,Webcam,Electronics,3500,1,Mumbai
1843,C031,Monitor,Electronics,15000,1,Hyderabad
1844,C052,Headphones,Accessories,2500,1,Ahmedabad
1845,C025,Mouse,Accessories,500,3,Mumbai
1846,C020,Webcam,Electronics,3500,3,Mumbai
1847,C072,Mouse,Accessories,500,2,Chennai
1848,C034,Tablet,Electronics,30000,1,Pune
1849,C045,Monitor,Electronics,15000,5,Ahmedabad
1850,C080,Monitor,Electronics,15000,3,Nashik
1851,C007,Smartwatch,Electronics,8000,2,Mumbai
1852,C039,Phone,Electronics,20000,1,Kolkata
1853,C001,Phone,Electronics,20000,2,Bangalore
1854,C048,Monitor,Electronics,15000,2,Pune
1855,C018,Phone,Electronics,20000,2,Hyderabad
1856,C006,Laptop,Electronics,50000,2,Nagpur
1857,C034,Smartwatch,Electronics,8000,5,Ahmedabad
1858,C078,Phone,Electronics,20000,2,Nagpur
1859,C084,Webcam,Electronics,3500,2,Ahmedabad
1860,C072,Keyboard,Accessories,1500,4,Delhi
1861,C055,Headphones,Accessories,2500,2,Nagpur
1862,C044,Monitor,Electronics,15000,5,Pune
1863,C043,Tablet,Electronics,30000,2,Nashik
1864,C005,Keyboard,Accessories,1500,2,Nagpur
1865,C029,Keyboard,Accessories,1500,2,Hyderabad
1866,C045,Phone,Electronics,20000,2,Ahmedabad
1867,C044,Phone,Electronics,20000,5,Bangalore
1868,C024,Printer,Electronics,12000,1,Delhi
1869,C019,Tablet,Electronics,30000,5,Delhi
1870,C070,Monitor,Electronics,15000,4,Ahmedabad
1871,C020,Printer,Electronics,12000,2,Delhi
1872,C048,Headphones,Accessories,2500,5,Mumbai
1873,C086,Keyboard,Accessories,1500,5,Pune
1874,C048,Mouse,Accessories,500,4,Chennai
1875,C001,Mouse,Accessories,500,1,Kolkata
1876,C093,Webcam,Electronics,3500,2,Hyderabad
1877,C002,Headphones,Accessories,2500,3,Kolkata
1878,C042,Phone,Electronics,20000,4,Chennai
1879,C050,Printer,Electronics,12000,1,Hyderabad
1880,C050,Monitor,Electronics,15000,1,Bangalore
1881,C086,Headphones,Accessories,2500,4,Chennai
1882,C021,Phone,Electronics,20000,3,Nagpur
1883,C070,Printer,Electronics,12000,4,Nashik
1884,C093,Laptop,Electronics,50000,1,Ahmedabad
1885,C008,Phone,Electronics,20000,3,Chennai
1886,C096,Headphones,Accessories,2500,3,Bangalore
1887,C100,Mouse,Accessories,500,5,Nashik
1888,C071,Smartwatch,Electronics,8000,1,Mumbai
1889,C007,Mouse,Accessories,500,3,Ahmedabad
1890,C093,Keyboard,Accessories,1500,1,Nashik
1891,C054,Laptop,Electronics,50000,3,Mumbai
1892,C058,Headphones,Accessories,2500,3,Nagpur
1893,C092,Monitor,Electronics,15000,2,Kolkata
1894,C045,Monitor,Electronics,15000,1,Nashik
1895,C072,Laptop,Electronics,50000,1,Ahmedabad
1896,C074,Smartwatch,Electronics,8000,4,Kolkata
1897,C071,Phone,Electronics,20000,4,Pune
1898,C090,Laptop,Electronics,50000,2,Bangalore
1899,C030,Headphones,Accessories,2500,5,Nagpur
1900,C002,Mouse,Accessories,500,3,Kolkata
1901,C066,Smartwatch,Electronics,8000,5,Pune
1902,C036,Keyboard,Accessories,1500,3,Mumbai
1903,C018,Webcam,Electronics,3500,1,Hyderabad
1904,C005,Tablet,Electronics,30000,1,Nagpur
1905,C088,Printer,Electronics,12000,3,Nashik
1906,C052,Tablet,Electronics,30000,2,Chennai
1907,C053,Keyboard,Accessories,1500,3,Nagpur
1908,C085,Keyboard,Accessories,1500,2,Nashik
1909,C016,Monitor,Electronics,15000,2,Nagpur
1910,C028,Phone,Electronics,20000,5,Delhi
1911,C058,Tablet,Electronics,30000,2,Nagpur
1912,C019,Printer,Electronics,12000,2,Delhi
1913,C079,Mouse,Accessories,500,2,Delhi
1914,C036,Phone,Electronics,20000,3,Nagpur
1915,C032,Tablet,Electronics,30000,5,Hyderabad
1916,C080,Smartwatch,Electronics,8000,5,Ahmedabad
1917,C090,Headphones,Accessories,2500,3,Mumbai
1918,C032,Laptop,Electronics,50000,3,Ahmedabad
1919,C033,Webcam,Electronics,3500,5,Ahmedabad
1920,C026,Printer,Electronics,12000,2,Ahmedabad
1921,C077,Webcam,Electronics,3500,4,Bangalore
1922,C016,Keyboard,Accessories,1500,4,Pune
1923,C032,Mouse,Accessories,500,2,Kolkata
1924,C058,Webcam,Electronics,3500,1,Hyderabad
1925,C014,Monitor,Electronics,15000,4,Nagpur
1926,C036,Smartwatch,Electronics,8000,4,Nashik
1927,C015,Headphones,Accessories,2500,1,Mumbai
1928,C011,Monitor,Electronics,15000,4,Ahmedabad
1929,C075,Laptop,Electronics,50000,1,Mumbai
1930,C087,Keyboard,Accessories,1500,1,Ahmedabad
1931,C076,Monitor,Electronics,15000,2,Chennai
1932,C044,Smartwatch,Electronics,8000,1,Kolkata
1933,C027,Phone,Electronics,20000,3,Chennai
1934,C037,Webcam,Electronics,3500,3,Mumbai
1935,C056,Mouse,Accessories,500,5,Nashik
1936,C064,Monitor,Electronics,15000,1,Kolkata
1937,C055,Mouse,Accessories,500,1,Hyderabad
1938,C059,Mouse,Accessories,500,1,Ahmedabad
1939,C056,Tablet,Electronics,30000,4,Ahmedabad
1940,C034,Mouse,Accessories,500,4,Pune
1941,C100,Laptop,Electronics,50000,1,Kolkata
1942,C037,Printer,Electronics,12000,1,Chennai
1943,C065,Tablet,Electronics,30000,2,Kolkata
1944,C022,Tablet,Electronics,30000,5,Nashik
1945,C023,Tablet,Electronics,30000,1,Nashik
1946,C051,Monitor,Electronics,15000,4,Bangalore
1947,C069,Headphones,Accessories,2500,5,Kolkata
1948,C012,Keyboard,Accessories,1500,4,Bangalore
1949,C016,Webcam,Electronics,3500,4,Chennai
1950,C098,Printer,Electronics,12000,2,Kolkata
1951,C049,Monitor,Electronics,15000,4,Nashik
1952,C060,Headphones,Accessories,2500,2,Chennai
1953,C100,Phone,Electronics,20000,2,Nashik
1954,C068,Printer,Electronics,12000,1,Bangalore
1955,C045,Headphones,Accessories,2500,4,Mumbai
1956,C033,Monitor,Electronics,15000,4,Chennai
1957,C087,Laptop,Electronics,50000,2,Chennai
1958,C073,Mouse,Accessories,500,5,Chennai
1959,C090,Headphones,Accessories,2500,2,Nagpur
1960,C011,Monitor,Electronics,15000,1,Delhi
1961,C041,Mouse,Accessories,500,1,Nashik
1962,C098,Tablet,Electronics,30000,1,Hyderabad
1963,C086,Tablet,Electronics,30000,5,Kolkata
1964,C082,Phone,Electronics,20000,4,Ahmedabad
1965,C084,Keyboard,Accessories,1500,5,Pune
1966,C024,Monitor,Electronics,15000,4,Chennai
1967,C100,Phone,Electronics,20000,1,Kolkata
1968,C047,Mouse,Accessories,500,1,Nagpur
1969,C042,Webcam,Electronics,3500,5,Ahmedabad
1970,C045,Keyboard,Accessories,1500,2,Chennai
1971,C007,Smartwatch,Electronics,8000,5,Chennai
1972,C053,Smartwatch,Electronics,8000,4,Kolkata
1973,C051,Laptop,Electronics,50000,3,Chennai
1974,C002,Mouse,Accessories,500,5,Kolkata
1975,C009,Printer,Electronics,12000,5,Kolkata
1976,C010,Tablet,Electronics,30000,1,Delhi
1977,C077,Headphones,Accessories,2500,4,Delhi
1978,C096,Phone,Electronics,20000,2,Chennai
1979,C087,Webcam,Electronics,3500,5,Chennai
1980,C018,Phone,Electronics,20000,3,Hyderabad
1981,C028,Monitor,Electronics,15000,5,Bangalore
1982,C051,Webcam,Electronics,3500,4,Ahmedabad
1983,C062,Tablet,Electronics,30000,5,Bangalore
1984,C019,Laptop,Electronics,50000,4,Nagpur
1985,C034,Laptop,Electronics,50000,3,Hyderabad
1986,C016,Tablet,Electronics,30000,4,Bangalore
1987,C030,Keyboard,Accessories,1500,2,Delhi
1988,C092,Headphones,Accessories,2500,1,Nagpur
1989,C023,Monitor,Electronics,15000,1,Hyderabad
1990,C067,Headphones,Accessories,2500,1,Nashik
1991,C050,Phone,Electronics,20000,3,Nashik
1992,C069,Phone,Electronics,20000,5,Pune
1993,C020,Printer,Electronics,12000,5,Delhi
1994,C079,Tablet,Electronics,30000,4,Nagpur
1995,C087,Webcam,Electronics,3500,4,Ahmedabad
1996,C017,Keyboard,Accessories,1500,3,Pune
1997,C065,Keyboard,Accessories,1500,3,Nashik
1998,C072,Smartwatch,Electronics,8000,3,Chennai
1999,C038,Smartwatch,Electronics,8000,5,Pune
2000,C031,Monitor,Electronics,15000,2,Kolkata
2001,C089,Keyboard,Accessories,1500,1,Pune
2002,C083,Printer,Electronics,12000,4,Ahmedabad
2003,C048,Webcam,Electronics,3500,3,Hyderabad
2004,C004,Smartwatch,Electronics,8000,5,Delhi
2005,C047,Monitor,Electronics,15000,3,Nagpur
2006,C015,Monitor,Electronics,15000,1,Nagpur
2007,C064,Printer,Electronics,12000,4,Nashik
2008,C099,Webcam,Electronics,3500,5,Pune
2009,C022,Laptop,Electronics,50000,5,Kolkata
2010,C011,Laptop,Electronics,50000,5,Ahmedabad
2011,C014,Mouse,Accessories,500,2,Hyderabad
2012,C063,Webcam,Electronics,3500,2,Nashik
2013,C061,Headphones,Accessories,2500,1,Hyderabad
2014,C056,Headphones,Accessories,2500,4,Bangalore
2015,C055,Monitor,Electronics,15000,3,Pune
2016,C021,Laptop,Electronics,50000,3,Bangalore
2017,C074,Tablet,Electronics,30000,4,Pune
2018,C090,Monitor,Electronics,15000,2,Chennai
2019,C014,Mouse,Accessories,500,3,Chennai
2020,C074,Webcam,Electronics,3500,5,Bangalore
2021,C016,Tablet,Electronics,30000,4,Kolkata
2022,C096,Monitor,Electronics,15000,5,Chennai
2023,C067,Printer,Electronics,12000,2,Chennai
2024,C031,Headphones,Accessories,2500,3,Bangalore
2025,C021,Smartwatch,Electronics,8000,2,Nagpur
2026,C055,Laptop,Electronics,50000,2,Ahmedabad
2027,C027,Smartwatch,Electronics,8000,4,Bangalore
2028,C067,Phone,Electronics,20000,4,Nagpur
2029,C042,Headphones,Accessories,2500,1,Chennai
2030,C051,Printer,Electronics,12000,1,Kolkata
2031,C057,Keyboard,Accessories,1500,3,Nashik
2032,C053,Mouse,Accessories,500,1,Chennai
2033,C050,Tablet,Electronics,30000,3,Pune
2034,C046,Smartwatch,Electronics,8000,1,Kolkata
2035,C067,Mouse,Accessories,500,4,Ahmedabad
2036,C038,Laptop,Electronics,50000,4,Hyderabad
2037,C057,Tablet,Electronics,30000,2,Nagpur
2038,C042,Printer,Electronics,12000,4,Chennai
2039,C072,Headphones,Accessories,2500,1,Pune
2040,C007,Smartwatch,Electronics,8000,1,Ahmedabad
2041,C056,Monitor,Electronics,15000,1,Mumbai
2042,C066,Phone,Electronics,20000,5,Nashik
2043,C096,Laptop,Electronics,50000,2,Hyderabad
2044,C083,Tablet,Electronics,30000,5,Bangalore
2045,C052,Webcam,Electronics,3500,1,Kolkata
2046,C029,Mouse,Accessories,500,2,Pune
2047,C034,Tablet,Electronics,30000,1,Hyderabad
2048,C076,Phone,Electronics,20000,5,Chennai
2049,C024,Smartwatch,Electronics,8000,5,Nagpur
2050,C005,Monitor,Electronics,15000,2,Mumbai
2051,C034,Smartwatch,Electronics,8000,4,Nashik
2052,C003,Tablet,Electronics,30000,3,Kolkata
2053,C049,Laptop,Electronics,50000,2,Mumbai
2054,C016,Headphones,Accessories,2500,3,Ahmedabad
2055,C058,Laptop,Electronics,50000,3,Hyderabad
2056,C088,Mouse,Accessories,500,3,Pune
2057,C005,Smartwatch,Electronics,8000,3,Pune
2058,C032,Laptop,Electronics,50000,2,Mumbai
2059,C011,Headphones,Accessories,2500,5,Delhi
2060,C013,Phone,Electronics,20000,5,Ahmedabad
2061,C084,Keyboard,Accessories,1500,4,Nagpur
2062,C099,Printer,Electronics,12000,4,Mumbai
2063,C036,Webcam,Electronics,3500,4,Hyderabad
2064,C022,Headphones,Accessories,2500,5,Kolkata
2065,C026,Headphones,Accessories,2500,1,Hyderabad
2066,C063,Phone,Electronics,20000,3,Kolkata
2067,C016,Webcam,Electronics,3500,2,Chennai
2068,C078,Keyboard,Accessories,1500,1,Delhi
2069,C043,Headphones,Accessories,2500,4,Nagpur
2070,C069,Printer,Electronics,12000,1,Mumbai
2071,C045,Laptop,Electronics,50000,1,Pune
2072,C086,Tablet,Electronics,30000,1,Kolkata
2073,C053,Printer,Electronics,12000,3,Pune
2074,C017,Printer,Electronics,12000,2,Mumbai
2075,C054,Smartwatch,Electronics,8000,5,Ahmedabad
2076,C076,Headphones,Accessories,2500,2,Chennai
2077,C061,Printer,Electronics,12000,1,Chennai
2078,C029,Keyboard,Accessories,1500,3,Ahmedabad
2079,C045,Mouse,Accessories,500,4,Chennai
2080,C019,Monitor,Electronics,15000,5,Nagpur
2081,C072,Mouse,Accessories,500,3,Ahmedabad
2082,C012,Headphones,Accessories,2500,5,Ahmedabad
2083,C094,Tablet,Electronics,30000,5,Kolkata
2084,C070,Mouse,Accessories,500,1,Bangalore
2085,C039,Laptop,Electronics,50000,4,Chennai
2086,C097,Webcam,Electronics,3500,5,Kolkata
2087,C031,Keyboard,Accessories,1500,4,Kolkata
2088,C067,Headphones,Accessories,2500,1,Nagpur
2089,C080,Mouse,Accessories,500,3,Pune
2090,C003,Phone,Electronics,20000,3,Ahmedabad
2091,C007,Webcam,Electronics,3500,1,Mumbai
2092,C034,Printer,Electronics,12000,1,Hyderabad
2093,C061,Mouse,Accessories,500,5,Hyderabad
2094,C009,Tablet,Electronics,30000,1,Chennai
2095,C019,Mouse,Accessories,500,5,Hyderabad
2096,C080,Mouse,Accessories,500,3,Kolkata
2097,C090,Headphones,Accessories,2500,5,Chennai
2098,C035,Monitor,Electronics,15000,4,Nagpur
2099,C093,Monitor,Electronics,15000,1,Nagpur
2100,C020,Laptop,Electronics,50000,3,Pune
2101,C021,Headphones,Accessories,2500,4,Nagpur
2102,C094,Smartwatch,Electronics,8000,1,Nagpur
2103,C047,Headphones,Accessories,2500,2,Hyderabad
2104,C076,Webcam,Electronics,3500,3,Hyderabad
2105,C008,Monitor,Electronics,15000,2,Bangalore
2106,C014,Tablet,Electronics,30000,4,Hyderabad
2107,C097,Headphones,Accessories,2500,3,Hyderabad
2108,C083,Headphones,Accessories,2500,3,Chennai
2109,C073,Mouse,Accessories,500,3,Nagpur
2110,C092,Smartwatch,Electronics,8000,3,Ahmedabad
2111,C006,Keyboard,Accessories,1500,1,Mumbai
2112,C080,Laptop,Electronics,50000,3,Pune
2113,C001,Keyboard,Accessories,1500,1,Bangalore
2114,C001,Printer,Electronics,12000,2,Kolkata
2115,C019,Printer,Electronics,12000,5,Bangalore
2116,C015,Phone,Electronics,20000,1,Pune
2117,C100,Keyboard,Accessories,1500,4,Kolkata
2118,C037,Keyboard,Accessories,1500,3,Nashik
2119,C051,Headphones,Accessories,2500,2,Mumbai
2120,C090,Webcam,Electronics,3500,4,Bangalore
2121,C020,Monitor,Electronics,15000,1,Nashik
2122,C012,Mouse,Accessories,500,4,Mumbai
2123,C044,Mouse,Accessories,500,4,Hyderabad
2124,C006,Monitor,Electronics,15000,1,Kolkata
2125,C025,Tablet,Electronics,30000,3,Chennai
2126,C030,Mouse,Accessories,500,4,Nagpur
2127,C035,Headphones,Accessories,2500,5,Bangalore
2128,C100,Phone,Electronics,20000,1,Nashik
2129,C014,Printer,Electronics,12000,4,Chennai
2130,C095,Webcam,Electronics,3500,1,Kolkata
2131,C093,Laptop,Electronics,50000,5,Chennai
2132,C002,Phone,Electronics,20000,1,Mumbai
2133,C005,Phone,Electronics,20000,2,Ahmedabad
2134,C084,Webcam,Electronics,3500,2,Delhi
2135,C063,Smartwatch,Electronics,8000,2,Ahmedabad
2136,C091,Keyboard,Accessories,1500,5,Chennai
2137,C059,Laptop,Electronics,50000,2,Chennai
2138,C053,Printer,Electronics,12000,1,Bangalore
2139,C032,Mouse,Accessories,500,5,Mumbai
2140,C034,Headphones,Accessories,2500,5,Nagpur
2141,C033,Webcam,Electronics,3500,5,Bangalore
2142,C072,Headphones,Accessories,2500,4,Nagpur
2143,C054,Headphones,Accessories,2500,1,Bangalore
2144,C050,Monitor,Electronics,15000,1,Ahmedabad
2145,C075,Mouse,Accessories,500,4,Chennai
2146,C083,Monitor,Electronics,15000,1,Kolkata
2147,C100,Webcam,Electronics,3500,1,Kolkata
2148,C084,Tablet,Electronics,30000,3,Nagpur
2149,C049,Keyboard,Accessories,1500,4,Hyderabad
2150,C049,Tablet,Electronics,30000,5,Kolkata
2151,C099,Keyboard,Accessories,1500,2,Nashik
2152,C073,Phone,Electronics,20000,3,Chennai
2153,C077,Webcam,Electronics,3500,2,Ahmedabad
2154,C098,Phone,Electronics,20000,5,Pune
2155,C043,Tablet,Electronics,30000,4,Bangalore
2156,C056,Monitor,Electronics,15000,2,Bangalore
2157,C098,Keyboard,Accessories,1500,3,Nagpur
2158,C042,Printer,Electronics,12000,5,Nashik
2159,C006,Laptop,Electronics,50000,4,Bangalore
2160,C011,Mouse,Accessories,500,1,Kolkata
2161,C062,Headphones,Accessories,2500,1,Chennai
2162,C033,Mouse,Accessories,500,1,Nashik
2163,C066,Webcam,Electronics,3500,1,Kolkata
2164,C001,Keyboard,Accessories,1500,1,Ahmedabad
2165,C006,Keyboard,Accessories,1500,4,Delhi
2166,C005,Headphones,Accessories,2500,4,Nagpur
2167,C078,Mouse,Accessories,500,2,Delhi
2168,C039,Laptop,Electronics,50000,1,Mumbai
2169,C025,Monitor,Electronics,15000,2,Chennai
2170,C021,Mouse,Accessories,500,1,Bangalore
2171,C025,Smartwatch,Electronics,8000,5,Ahmedabad
2172,C029,Phone,Electronics,20000,4,Pune
2173,C054,Monitor,Electronics,15000,3,Ahmedabad
2174,C054,Tablet,Electronics,30000,1,Mumbai
2175,C075,Laptop,Electronics,50000,4,Kolkata
2176,C056,Headphones,Accessories,2500,2,Ahmedabad
2177,C090,Webcam,Electronics,3500,1,Chennai
2178,C045,Headphones,Accessories,2500,5,Pune
2179,C032,Keyboard,Accessories,1500,2,Ahmedabad
2180,C059,Keyboard,Accessories,1500,3,Mumbai
2181,C067,Mouse,Accessories,500,4,Ahmedabad
2182,C091,Printer,Electronics,12000,1,Pune
2183,C083,Tablet,Electronics,30000,4,Hyderabad
2184,C074,Webcam,Electronics,3500,1,Ahmedabad
2185,C089,Printer,Electronics,12000,1,Ahmedabad
2186,C034,Printer,Electronics,12000,5,Ahmedabad
2187,C055,Webcam,Electronics,3500,3,Ahmedabad
2188,C056,Webcam,Electronics,3500,4,Nashik
2189,C064,Smartwatch,Electronics,8000,5,Chennai
2190,C088,Keyboard,Accessories,1500,4,Ahmedabad
2191,C010,Mouse,Accessories,500,5,Nagpur
2192,C092,Monitor,Electronics,15000,5,Bangalore
2193,C009,Headphones,Accessories,2500,2,Delhi
2194,C072,Smartwatch,Electronics,8000,2,Delhi
2195,C037,Headphones,Accessories,2500,3,Pune
2196,C009,Mouse,Accessories,500,4,Nashik
2197,C011,Webcam,Electronics,3500,3,Nagpur
2198,C038,Laptop,Electronics,50000,3,Chennai
2199,C079,Mouse,Accessories,500,1,Mumbai
2200,C052,Mouse,Accessories,500,3,Hyderabad
